City_ID,City,Lat,Lng,Max Temp,Humidity,Cloudiness,Wind Speed,Country,Date
0,siklos,45.855,18.2975,14.58,100,19,2.06,HU,1730070675
1,blackmans bay,-43.0167,147.3167,11.52,60,13,1.79,AU,1730070676
2,iqaluit,63.7506,-68.5145,-7.39,85,76,5.36,CA,1730070677
3,yellowknife,62.456,-114.3525,-0.33,100,100,4.63,CA,1730070679
4,ketchikan,55.3422,-131.6461,8.99,87,75,3.09,US,1730070680
5,coquimbo,-29.9533,-71.3436,13.88,76,40,4.12,CL,1730070464
6,kefamenanu,-9.4467,124.4781,26.65,61,8,1.4,ID,1730070682
7,port-aux-francais,-49.35,70.2167,2.33,68,100,12.55,TF,1730070683
8,grytviken,-54.2811,-36.5092,-1.89,79,63,1.14,GS,1730070684
9,isafjordur,66.0755,-23.124,-4.56,67,18,4.22,IS,1730070440
10,invercargill,-46.4,168.35,10.57,77,100,3.13,NZ,1730070686
11,colonia,50.9333,6.95,15.07,91,100,0.51,DE,1730070459
12,barguzin,53.6167,109.6167,-1.46,90,97,0.98,RU,1730070689
13,longjiang,47.3303,123.1836,2.51,69,2,2.2,CN,1730070690
14,udachny,66.4167,112.4,-20.02,100,94,1.76,RU,1730070692
15,adamstown,-25.066,-130.1015,22.24,81,17,3.87,PN,1730070526
16,ribeira grande,38.5167,-28.7,18.21,81,44,2.98,PT,1730070694
17,uzgen,40.7699,73.3007,8.82,86,100,1.94,KG,1730070696
18,avarua,-21.2078,-159.775,25.03,65,40,7.72,CK,1730070697
19,bredasdorp,-34.5322,20.0403,15.78,86,100,11.42,ZA,1730070698
20,kirakira,-10.4544,161.9205,27.18,83,100,2.98,SB,1730070699
21,puerto natales,-51.7236,-72.4875,6.95,91,100,7.47,CL,1730070700
22,albany,42.6001,-73.9662,8.68,59,57,2.29,US,1730070560
23,natal,-5.795,-35.2094,24.36,100,40,3.09,BR,1730070671
24,whangarei,-35.7317,174.3239,18.48,44,94,4.55,NZ,1730070703
25,hilo,19.7297,-155.09,27.27,78,100,3.09,US,1730070477
26,port elizabeth,-33.918,25.5701,17.95,58,91,2.68,ZA,1730070706
27,port lincoln,-34.7333,135.8667,15.78,65,87,5.02,AU,1730070708
28,cestos city,5.46,-9.5828,25.59,88,94,2.76,LR,1730070709
29,jinghong,21.991,100.7341,18.3,99,15,1.13,CN,1730070711
30,nelson bay,-32.7167,152.15,24.49,59,0,4.47,AU,1730070712
31,hamilton,39.1834,-84.5333,13.47,51,0,2.06,US,1730070713
32,longyearbyen,78.2186,15.6401,-0.09,100,75,0.0,SJ,1730070714
33,verkhneural'sk,53.8769,59.2106,0.47,88,90,2.3,RU,1730070715
34,kosh-agach,50.0,88.6667,-3.52,95,96,0.79,RU,1730070716
35,fale old settlement,-9.3852,-171.2468,28.13,73,100,6.46,TK,1730070718
36,naze,28.3667,129.4833,24.19,87,12,1.34,JP,1730070654
37,taoudenni,22.6783,-3.9836,26.85,24,8,3.99,ML,1730070422
38,bethel,41.3712,-73.414,8.95,41,0,1.54,US,1730070721
39,barcelos,41.5388,-8.6151,11.05,83,1,2.4,PT,1730070722
40,zaysan,47.4667,84.8667,7.28,72,99,0.92,KZ,1730070723
41,praia,14.9215,-23.5087,25.15,78,100,6.73,CV,1730070724
42,vwawa,-9.1167,32.9333,18.44,76,73,0.96,TZ,1730070725
43,quellon,-43.1167,-73.6167,10.67,80,13,1.35,CL,1730070727
44,forster,-32.1667,152.5167,23.61,42,0,0.39,AU,1730070728
45,edinburgh of the seven seas,-37.0676,-12.3116,15.95,92,100,13.8,SH,1730070730
46,sarmiento,-45.5882,-69.07,15.18,35,79,14.22,AR,1730070731
47,waitangi,-43.9535,-176.5597,13.79,98,100,2.68,NZ,1730070732
48,thompson,55.7435,-97.8558,-0.86,57,100,4.92,CA,1730070733
49,mount isa,-20.7333,139.5,30.87,18,4,6.17,AU,1730070735
50,salinopolis,-0.6136,-47.3561,26.73,74,52,7.14,BR,1730070736
51,nkove,-7.95,30.85,22.6,83,74,0.44,TZ,1730070737
52,dapchi,12.4904,11.4944,25.95,17,0,3.55,NG,1730070738
53,buenavista del norte,28.3746,-16.861,20.91,75,16,7.53,ES,1730070739
54,afaahiti,-17.75,-149.2833,23.39,76,88,5.9,PF,1730070740
55,lively,46.4334,-81.1498,0.01,95,100,2.02,CA,1730070741
56,olonkinbyen,70.9221,-8.7187,-5.3,82,100,21.76,SJ,1730070742
57,el calafate,-50.3408,-72.2768,5.07,89,70,7.27,AR,1730070744
58,kanoya,31.3833,130.85,22.95,92,73,1.71,JP,1730070745
59,flagstaff,35.1981,-111.6513,21.02,21,0,5.66,US,1730070746
60,papatowai,-46.5619,169.4708,9.18,79,94,4.38,NZ,1730070747
61,bana,5.1481,10.2762,16.23,95,77,1.06,CM,1730070748
62,talnakh,69.4865,88.3972,-12.65,95,100,5.19,RU,1730070749
63,yatou,37.15,122.3833,9.61,69,0,3.26,CN,1730070751
64,maxixe,-23.8597,35.3472,23.36,93,100,1.05,MZ,1730070752
65,college,64.8569,-147.8028,-8.85,72,100,2.57,US,1730070753
66,saint-francois,46.4154,3.9054,14.12,95,0,0.51,FR,1730070754
67,tazovsky,67.4667,78.7,-3.28,97,100,3.82,RU,1730070755
68,vorgashor,67.5833,63.95,-5.31,96,82,1.91,RU,1730070756
69,uturoa,-16.7333,-151.4333,25.2,73,70,6.17,PF,1730070758
70,sur,22.5667,59.5289,28.56,43,1,3.01,OM,1730070759
71,acapulco de juarez,16.8634,-99.8901,30.9,70,0,4.12,MX,1730070760
72,ust-nera,64.5667,143.2,-21.32,99,90,1.54,RU,1730070761
73,bikenibeu village,1.3673,173.1241,27.47,70,100,4.62,KI,1730070762
74,polyarnyy,69.1989,33.4478,5.24,88,100,10.49,RU,1730070564
75,datca,36.7378,27.6842,18.4,63,97,3.45,TR,1730070764
76,touros,-5.1989,-35.4608,25.81,78,32,5.53,BR,1730070765
77,dakhla,23.6848,-15.958,19.39,86,3,7.44,EH,1730070767
78,ancud,-41.8697,-73.8203,10.96,76,13,1.33,CL,1730070768
79,selfoss,63.9331,-20.9971,-3.31,74,75,3.53,IS,1730070769
80,sitka,57.0531,-135.33,8.94,71,20,2.06,US,1730070770
81,revda,56.801,59.9303,-1.27,89,98,1.52,RU,1730070771
82,nar'yan-mar,67.6713,53.087,-0.16,91,82,4.91,RU,1730070772
83,rio grande,-32.035,-52.0986,16.31,71,13,4.22,BR,1730070773
84,zhanaozen,43.3,52.8,6.63,62,99,2.93,KZ,1730070775
85,prattville,32.464,-86.4597,27.74,44,100,4.12,US,1730070555
86,atafu village,-8.5421,-172.5159,27.77,73,100,6.34,TK,1730070777
87,chonchi,-42.6128,-73.8092,12.29,76,24,0.43,CL,1730070778
88,vorkuta,67.5,64.0,-5.76,96,79,1.71,RU,1730070779
89,whitehorse,60.7161,-135.0538,-3.88,83,94,3.15,CA,1730070640
90,remire-montjoly,4.9167,-52.2667,27.02,78,0,1.54,GF,1730070783
91,port mathurin,-19.6833,63.4167,23.68,78,2,5.81,MU,1730070784
92,saipan,15.1355,145.701,27.39,94,75,4.12,MP,1730070504
93,wailua homesteads,22.0669,-159.378,28.44,77,40,7.72,US,1730070787
94,peniche,39.3558,-9.3811,14.0,87,17,4.16,PT,1730070789
95,qaqortoq,60.7167,-46.0333,0.32,99,100,1.3,GL,1730070790
96,lebu,-37.6167,-73.65,11.21,83,1,9.04,CL,1730070648
97,beipiao,41.7919,120.7792,5.03,58,0,0.75,CN,1730070517
98,portland,45.5234,-122.6762,12.57,92,100,0.89,US,1730070793
99,minas de marcona,-15.2119,-75.1103,15.12,70,4,5.76,PE,1730070794
100,padre bernardo,-15.35,-48.5,22.9,80,69,1.29,BR,1730070795
101,lihue,21.9789,-159.3672,28.77,71,40,7.72,US,1730070797
102,san patricio,28.017,-97.5169,27.97,43,0,5.3,US,1730070798
103,madinat ash shamal,26.1293,51.2009,27.29,58,0,9.46,QA,1730070799
104,west island,-12.1568,96.8225,25.99,83,75,4.63,CC,1730070800
105,puerto ayora,-0.7393,-90.3518,20.31,98,85,4.02,EC,1730070801
106,ilulissat,69.2167,-51.1,-12.99,52,4,0.0,GL,1730070802
107,codrington,-38.2667,141.9667,13.81,60,64,5.68,AU,1730070803
108,kingston,17.997,-76.7936,27.31,85,93,1.77,JM,1730070804
109,mkushi,-13.6202,29.3939,20.43,70,100,2.31,ZM,1730070806
110,cabo san lucas,22.8909,-109.9124,33.17,43,0,5.14,MX,1730070663
111,anadyr,64.75,177.4833,-1.72,79,75,12.96,RU,1730070808
112,sena madureira,-9.0656,-68.6569,24.73,87,100,1.36,BR,1730070809
113,egilsstadir,65.2653,-14.3948,-7.1,91,21,2.4,IS,1730070810
114,moscow,55.7522,37.6156,8.52,81,100,1.82,RU,1730070725
115,titao,13.7667,-2.0667,29.77,25,5,3.21,BF,1730070812
116,port isabel,26.0734,-97.2086,28.02,67,0,5.36,US,1730070814
117,sao jose da coroa grande,-8.8978,-35.1478,25.35,85,12,3.95,BR,1730070817
118,walvis bay,-22.9575,14.5053,13.06,73,92,6.94,NA,1730070818
119,kasongo-lunda,-6.4667,16.8167,21.2,97,34,0.5,CD,1730070819
120,banamba,13.55,-7.45,28.23,41,60,3.2,ML,1730070821
121,mudanjiang,44.5833,129.6,0.34,84,7,1.96,CN,1730070822
122,simitli,41.8833,23.1167,12.54,50,42,0.7,BG,1730070823
123,jamestown,42.097,-79.2353,7.8,57,100,2.57,US,1730070529
124,margaret river,-33.95,115.0667,12.73,73,9,3.52,AU,1730070825
125,bria,6.5423,21.9863,21.26,96,73,0.94,CF,1730070826
126,georgetown,5.4112,100.3354,25.96,93,20,1.34,MY,1730070611
127,l'isle-jourdain,43.6144,1.0817,12.96,92,50,0.66,FR,1730070828
128,edson,53.5835,-116.4356,4.61,85,100,3.42,CA,1730070831
129,hotan,37.0997,79.9269,10.66,27,27,1.73,CN,1730070832
130,skaelskor,55.2506,11.2935,9.77,76,53,5.34,DK,1730070833
131,tual,-5.6667,132.75,26.81,80,100,5.21,ID,1730070834
132,mejit,10.2753,170.8646,28.63,75,8,4.37,MH,1730070835
133,carnarvon,-24.8667,113.6333,23.79,34,0,7.21,AU,1730070836
134,port blair,11.6667,92.75,26.77,82,45,2.58,IN,1730070838
135,saint-philippe,-21.3585,55.7679,23.99,89,75,2.4,RE,1730070650
136,east london,-33.0153,27.9116,17.75,43,4,4.42,ZA,1730070840
137,mochudi,-24.4167,26.15,21.31,21,76,5.82,BW,1730070841
138,tazacorte,28.629,-17.9293,20.08,85,75,7.72,ES,1730070842
139,kapuskasing,49.4169,-82.4331,-1.77,64,37,1.75,CA,1730070843
140,dogondoutchi,13.6393,4.0287,28.49,15,4,4.03,NE,1730070844
141,colonel hill,22.7667,-74.2167,27.61,62,58,10.24,BS,1730070674
142,pratt,37.6439,-98.7376,24.12,33,0,7.2,US,1730070847
143,ushuaia,-54.8,-68.3,4.59,91,69,2.28,AR,1730070625
144,port alfred,-33.5906,26.891,17.6,47,14,7.08,ZA,1730070849
145,new castle,41.0037,-80.347,8.27,56,0,0.0,US,1730070850
146,greenville,35.6127,-77.3663,14.51,92,100,0.0,US,1730070567
147,tsiombe,-25.3,45.4833,23.71,87,87,4.43,MG,1730070852
148,kodiak,57.79,-152.4072,6.73,57,0,1.54,US,1730070853
149,cole harbour,44.6724,-63.4751,5.52,55,2,2.24,CA,1730070854
150,qujing,25.4833,103.7833,11.58,82,100,1.23,CN,1730070856
151,bilibino,68.0546,166.4372,-10.69,90,100,1.81,RU,1730070858
152,sabang,5.8933,95.3214,28.35,77,100,9.23,ID,1730070859
153,utrik,11.2278,169.8474,28.59,76,97,3.66,MH,1730070860
154,plainview,40.7765,-73.4673,11.92,47,0,1.54,US,1730070861
155,wynyard,-41.0,145.7167,13.99,58,13,0.89,AU,1730070862
156,kayyerkan,69.3786,87.7439,-9.76,94,100,4.65,RU,1730070781
157,saint-pierre,-21.3393,55.4781,23.82,73,0,1.54,RE,1730070865
158,stanley,54.868,-1.6985,9.01,93,20,2.06,GB,1730070866
159,wamba,8.9333,8.6,23.13,55,13,1.7,NG,1730070704
160,vila franca do campo,37.7167,-25.4333,18.27,99,92,2.98,PT,1730070868
161,palmer,42.1584,-72.3287,7.47,45,38,1.36,US,1730070869
162,york,40.1254,-77.0,9.19,51,0,0.0,US,1730070347
163,freetown,8.484,-13.2299,26.19,89,16,2.65,SL,1730070871
164,bathsheba,13.2167,-59.5167,29.34,74,20,5.14,BB,1730070872
165,tiksi,71.6872,128.8694,-15.34,95,100,1.81,RU,1730070874
166,chui,-33.6971,-53.4616,13.23,82,8,2.82,UY,1730070875
167,viedma,-40.8135,-62.9967,19.2,38,92,4.03,AR,1730070595
168,banting,2.8167,101.5,26.07,100,82,0.91,MY,1730070877
169,cochirleanca,45.2167,27.0333,12.14,40,67,3.47,RO,1730070878
170,taitung city,22.7583,121.1444,25.15,94,75,1.54,TW,1730070879
171,lompoc,34.6391,-120.4579,18.62,79,0,9.39,US,1730070738
172,dongola,19.1667,30.4833,21.79,18,14,5.66,SD,1730070881
173,jayapura,-2.5333,140.7,26.66,74,64,2.53,ID,1730070883
174,keflavik,64.0049,-22.5624,1.24,75,0,0.0,IS,1730070884
175,upata,8.0086,-62.3989,23.62,90,94,1.62,VE,1730070885
176,chake chake,-5.2459,39.7666,24.18,92,80,2.78,TZ,1730070886
177,mpanda,-6.3655,31.0409,18.57,92,84,0.44,TZ,1730070887
178,kerikeri,-35.2268,173.9474,17.98,49,87,4.37,NZ,1730070888
179,cheremshan,54.6667,51.5,1.8,92,95,0.79,RU,1730070889
180,kununurra,-15.7667,128.7333,28.99,65,75,2.57,AU,1730070891
181,nemuro,43.3236,145.575,13.11,85,100,6.01,JP,1730070592
182,hawaiian paradise park,19.5933,-154.9731,27.15,81,100,3.09,US,1730070893
183,bedum,53.3008,6.6028,10.55,93,100,3.16,NL,1730070894
184,nyurba,63.2842,118.3319,-8.98,96,100,1.95,RU,1730070895
185,launceston,-41.45,147.1667,13.8,41,8,5.66,AU,1730070896
186,iringa,-7.7667,35.7,16.66,83,34,1.09,TZ,1730070897
187,bani walid,31.7566,13.9942,19.11,71,59,4.08,LY,1730070898
188,anuradhapura,8.3565,80.4173,23.92,91,51,3.53,LK,1730070669
189,enniscorthy,52.5008,-6.5578,14.15,100,95,5.4,IE,1730070901
190,lubango,-14.9172,13.4925,15.96,78,53,1.73,AO,1730070902
191,kayenta,36.7278,-110.2546,21.2,15,100,5.58,US,1730070903
192,jodhpur,26.2867,73.03,26.67,43,9,3.44,IN,1730070904
193,ankang,32.68,109.0172,12.16,83,0,0.47,CN,1730070905
194,tindouf,27.6711,-8.1474,16.15,71,1,7.08,DZ,1730070906
195,fort bragg,35.139,-79.006,14.91,80,100,2.57,US,1730070907
196,markovo,57.3206,107.0881,-1.78,99,94,1.05,RU,1730070909
197,shiyan,32.6475,110.7781,13.14,75,25,1.77,CN,1730070910
198,freeport,40.6576,-73.5832,12.2,46,0,4.12,US,1730070912
199,dergachi,51.2328,48.7659,5.42,83,100,2.79,RU,1730070913
200,dudinka,69.4058,86.1778,-11.1,94,100,7.66,RU,1730070915
201,petropavlovsk-kamchatsky,53.0452,158.6483,0.33,55,75,2.0,RU,1730070916
202,itaocara,-21.6692,-42.0761,21.57,83,94,1.27,BR,1730070917
203,kochubey,44.3861,46.5825,7.19,59,79,1.93,RU,1730070918
204,kone,-21.0595,164.8658,28.45,51,40,1.88,NC,1730070919
205,gravenhurst,44.9168,-79.3663,5.86,100,100,1.03,CA,1730070920
206,lodwar,3.1191,35.5973,28.49,57,81,5.18,KE,1730070921
207,alto araguaia,-17.3147,-53.2153,23.55,78,78,0.67,BR,1730070923
208,bocana de paiwas,12.7857,-85.1227,22.62,94,100,2.54,NI,1730070924
209,risod,19.9667,76.7833,19.98,66,76,2.04,IN,1730070925
210,harper,4.375,-7.7169,25.12,89,99,3.49,LR,1730070926
211,gadzhiyevo,69.2551,33.3362,5.13,89,100,9.79,RU,1730070927
212,nabire,-3.3667,135.4833,26.27,89,45,1.62,ID,1730070928
213,challapata,-18.9,-66.7667,16.77,18,83,1.13,BO,1730070929
214,tevriz,57.509,72.4042,1.73,86,98,1.57,RU,1730070931
215,tres coracoes,-21.6969,-45.2533,18.74,86,97,4.59,BR,1730070932
216,qa'en,33.7265,59.1844,6.49,82,32,2.7,IR,1730070933
217,tralee,52.2704,-9.7026,13.73,98,100,3.33,IE,1730070829
218,kalulushi,-12.8378,28.0919,18.08,83,99,2.4,ZM,1730070936
219,port-vila,-17.7338,168.3219,26.07,78,82,7.05,VU,1730070937
220,upington,-28.4478,21.2561,6.83,61,5,5.47,ZA,1730070740
221,piti village,13.4626,144.6933,27.49,93,40,2.57,GU,1730070940
222,melendugno,40.2747,18.3368,17.91,75,8,1.33,IT,1730070941
223,thai binh,20.45,106.3333,21.59,65,100,9.01,VN,1730070942
224,hithadhoo,-0.6,73.0833,27.42,79,84,5.31,MV,1730070943
225,luis correia,-2.8792,-41.6669,26.7,76,5,7.5,BR,1730070944
226,korla,41.7597,86.1469,12.09,34,70,3.59,CN,1730070712
227,miyaly,48.8844,53.7836,4.44,64,89,3.08,KZ,1730070946
228,northam,51.0333,-4.2167,10.9,94,100,7.18,GB,1730070948
229,zaragoza,41.6561,-0.8773,12.79,79,75,2.06,ES,1730070723
230,paredon,16.0333,-93.8667,28.37,70,76,8.54,MX,1730070950
231,st. john's,47.5649,-52.7093,6.1,84,8,1.34,CA,1730070868
232,chichiriviche,10.9333,-68.2772,28.28,81,77,5.31,VE,1730070953
233,dhemaji,27.4833,94.5833,20.38,93,0,1.41,IN,1730070954
234,praia da vitoria,38.7333,-27.0667,17.27,74,74,3.6,PT,1730070956
235,'ain el turk,35.7438,-0.7693,12.38,94,75,1.03,DZ,1730070957
236,plastun,44.7561,136.2939,1.31,77,6,2.36,RU,1730070958
237,kalmunai,7.4167,81.8167,26.24,84,49,0.48,LK,1730070888
238,uray,60.1247,64.7758,0.62,91,100,1.67,RU,1730070962
239,island harbour,50.724,-1.2758,12.79,73,95,2.24,GB,1730070964
240,mokhsogollokh,61.4681,128.9203,-19.4,95,97,1.16,RU,1730070965
241,stefanesti-sat,47.7833,27.1833,11.38,51,0,0.88,RO,1730070966
242,hermanus,-34.4187,19.2345,16.0,89,96,8.78,ZA,1730070967
243,parauapebas,-6.0675,-49.9022,30.05,39,71,0.29,BR,1730070702
244,oskaloosa,41.2964,-92.6444,17.99,34,0,4.12,US,1730070969
245,slave lake,55.2834,-114.769,3.99,81,100,4.63,CA,1730070970
246,labytnangi,66.6572,66.4183,-5.45,90,22,3.17,RU,1730070971
247,ozalp,38.6548,43.993,1.31,63,0,0.8,TR,1730070973
248,kruisfontein,-34.0033,24.7314,12.99,74,86,8.97,ZA,1730070974
249,acarau,-2.8856,-40.12,25.67,81,5,7.44,BR,1730070975
250,chinde,26.8212,87.7095,20.63,81,0,1.84,NP,1730070976
251,hadibu,12.65,54.0333,26.4,79,37,2.76,YE,1730070977
252,baturaja,-4.1333,104.1667,23.35,91,57,1.06,ID,1730070978
253,villa madero,19.4,-101.2667,19.56,67,1,0.38,MX,1730070980
254,dalandzadgad,43.5708,104.425,5.4,51,95,2.19,MN,1730070953
255,rabo de peixe,37.8,-25.5833,17.77,99,75,2.06,PT,1730070982
256,lexington,37.9887,-84.4777,14.0,44,0,2.06,US,1730070826
257,zheleznogorsk-ilimskiy,56.5768,104.1217,-0.64,97,100,1.09,RU,1730070984
258,noshiro,40.2039,140.0242,13.75,83,100,7.89,JP,1730070985
259,lazaro cardenas,17.9583,-102.2,29.19,76,0,4.31,MX,1730070986
260,christchurch,-43.5333,172.6333,16.85,66,83,1.03,NZ,1730070938
261,esqueda,30.7167,-109.5833,32.25,14,79,4.38,MX,1730070989
262,laguna,38.421,-121.4238,25.08,54,20,5.66,US,1730070990
263,nizhneudinsk,54.9076,99.0276,3.28,95,100,1.42,RU,1730070991
264,buala,-8.145,159.5921,29.3,75,92,4.6,SB,1730070992
265,haiku-pauwela,20.9219,-156.3051,26.76,73,75,10.28,US,1730070993
266,coahuayana de hidalgo,18.7,-103.6583,30.3,64,0,1.98,MX,1730070994
267,bom jardim,-7.7958,-35.5872,22.55,80,10,3.54,BR,1730070995
268,gaigeturi,33.4644,126.3183,19.0,70,99,6.95,KR,1730070996
269,lapai,9.05,6.5667,25.44,61,55,0.95,NG,1730070998
270,abu jibeha,11.4562,31.2285,26.98,20,77,3.06,SD,1730070999
271,saint-louis du nord,19.9333,-72.7167,27.75,83,100,9.15,HT,1730071000
272,aasiaat,68.7098,-52.8699,-14.41,80,17,4.7,GL,1730071001
273,puerto penasco,31.3167,-113.5333,31.99,74,20,2.57,MX,1730070959
274,susuman,62.7833,148.1667,-17.25,94,100,1.21,RU,1730071003
275,moroni,-11.7022,43.2551,25.45,80,1,2.04,KM,1730071004
276,al bayda',32.7627,21.7551,14.44,71,0,1.97,LY,1730071005
277,dabola,10.75,-11.1167,23.53,72,8,1.29,GN,1730071007
278,yaren,-0.5472,166.916,28.26,74,49,5.63,NR,1730071008
279,katsuura,35.1333,140.3,20.24,90,100,4.8,JP,1730071009
280,ulladulla,-35.35,150.4667,18.67,59,94,2.9,AU,1730071010
281,carutapera,-1.195,-46.02,25.89,77,42,4.86,BR,1730071011
282,varna,43.2167,27.9167,8.82,100,20,1.54,BG,1730071012
283,narvik,68.4384,17.4272,4.34,93,100,2.09,NO,1730071013
284,malango,-2.9627,119.9001,21.74,79,9,0.26,ID,1730071015
285,danielskuil,-28.1887,23.5395,4.21,67,0,4.82,ZA,1730071016
286,vadso,70.0744,29.7487,6.09,87,75,10.29,NO,1730071017
287,south elmsall,53.5971,-1.2803,10.95,89,100,4.85,GB,1730071018
288,garissa,-0.4536,39.6401,25.62,64,100,5.5,KE,1730071019
289,salalah,17.0151,54.0924,26.05,78,0,1.03,OM,1730071020
290,port macquarie,-31.4333,152.9167,26.15,55,3,1.34,AU,1730071021
291,guerrero negro,27.9769,-114.0611,22.87,58,13,6.89,MX,1730071023
292,nova sintra,14.8667,-24.7167,26.38,76,98,6.92,CV,1730071024
293,new norfolk,-42.7826,147.0587,12.18,49,37,5.14,AU,1730071026
294,kotel'nikovo,47.6317,43.1461,5.24,64,71,3.0,RU,1730071027
295,victoria falls,-17.9235,25.843,26.19,43,94,4.13,ZW,1730070770
296,colesberg,-30.72,25.0972,5.72,68,10,8.82,ZA,1730071030
297,halifax,44.6453,-63.5724,5.81,55,1,2.24,CA,1730070652
298,dunedin,-45.8742,170.5036,9.86,72,94,5.62,NZ,1730071032
299,sinabang,2.4803,96.3801,25.77,84,82,1.05,ID,1730071033
300,sabha,27.0377,14.4283,21.16,25,31,4.66,LY,1730071034
301,wad rawah,15.1603,33.1397,28.26,11,51,6.21,SD,1730071035
302,zeya,53.75,127.2667,-7.2,89,44,1.02,RU,1730071037
303,vredendal,-31.6683,18.5012,14.61,95,100,8.71,ZA,1730071038
304,ar ruways,24.1103,52.7306,27.24,65,0,6.04,AE,1730071039
305,arraial do cabo,-22.9661,-42.0278,22.28,71,99,4.99,BR,1730071040
306,sao francisco do sul,-26.2433,-48.6381,19.42,100,100,0.1,BR,1730071041
307,antonio enes,-16.2325,39.9086,25.15,81,0,5.62,MZ,1730071042
308,bonanza,14.0289,-84.591,22.03,99,100,1.13,NI,1730071043
309,fortuna,40.5982,-124.1573,18.29,64,20,3.09,US,1730071045
310,sao gabriel da cachoeira,-0.1303,-67.0892,22.54,96,100,0.4,BR,1730071046
311,borgo val di taro,44.487,9.7658,16.67,98,99,1.37,IT,1730071047
312,arkhangel'sk,64.5401,40.5433,2.06,100,100,3.0,RU,1730070854
313,santa fe,-31.6333,-60.7,22.79,48,74,1.79,AR,1730070803
314,semirara,12.0697,121.3986,27.53,81,100,8.95,PH,1730071050
315,mari,-7.06,-35.3194,23.96,79,14,3.3,BR,1730071051
316,tolanaro,-25.0319,46.9987,24.04,94,20,8.23,MG,1730071052
317,port moresby,-9.4431,147.1797,28.72,70,89,2.26,PG,1730070931
318,bereza,53.5183,50.1397,2.01,93,40,2.0,RU,1730071055
319,bonthe,7.5264,-12.505,25.66,90,30,2.21,SL,1730071056
320,macas,-2.3167,-78.1167,24.86,73,40,2.57,EC,1730071057
321,nagqu,31.5,92.0,-4.2,27,0,1.29,CN,1730071058
322,nuuk,64.1835,-51.7216,-1.66,80,100,2.06,GL,1730071059
323,callao,-12.0667,-77.15,22.62,77,20,6.69,PE,1730071060
324,holualoa,19.6228,-155.9522,26.91,85,40,5.66,US,1730071062
325,metahara,8.9,39.9167,25.07,58,98,3.11,ET,1730071063
326,hinton,53.4001,-117.5857,5.5,96,100,1.11,CA,1730071064
327,akjoujt,19.6969,-14.4164,25.77,25,45,6.34,MR,1730071065
328,las heras,-46.5419,-68.9359,15.61,31,100,8.01,AR,1730071067
329,caxito,-8.5785,13.6643,24.49,84,79,2.24,AO,1730071069
330,la gi,10.6667,107.7833,24.65,92,100,4.81,VN,1730071070
331,namibe,-15.1961,12.1522,18.58,84,42,2.63,AO,1730071071
332,oltinko'l,40.8011,72.1634,12.31,79,100,6.01,UZ,1730071072
333,zhoushan,30.0108,122.2047,18.39,80,100,8.0,CN,1730071074
334,hobyo,5.3505,48.5268,25.81,83,98,3.19,SO,1730071075
335,santa ana,33.7456,-117.8678,27.46,51,75,4.63,US,1730071076
336,saynshand,44.8824,110.1163,4.76,56,100,4.06,MN,1730071077
337,celestun,20.8667,-90.4,27.0,74,87,5.89,MX,1730071078
338,san borja,-14.8167,-66.85,22.58,76,100,1.02,BO,1730071079
339,hasaki,35.7333,140.8333,19.63,91,100,6.98,JP,1730071080
340,onguday,50.75,86.15,3.62,86,100,1.1,RU,1730071082
341,vetluzhskiy,58.3902,45.4654,3.72,89,98,0.59,RU,1730071083
342,ceeldheer,3.8488,47.1806,25.69,88,96,3.53,SO,1730071084
343,minchianabad,30.163,73.5685,23.89,38,12,3.55,PK,1730071076
344,badger,64.8,-147.5333,-10.36,84,75,2.57,US,1730071086
345,chibougamau,49.9168,-74.3659,-2.21,64,100,4.63,CA,1730071087
346,welcome,34.8265,-82.439,14.37,77,100,5.14,US,1730071088
347,buta,2.7858,24.73,21.08,98,90,0.74,CD,1730071089
348,auki,-8.7676,160.7034,30.45,62,68,1.03,SB,1730071091
349,sao felix do xingu,-6.6447,-51.995,27.27,60,83,0.92,BR,1730071092
350,beaufort west,-32.3567,22.583,10.73,70,94,15.18,ZA,1730071093
351,usogorsk,63.4106,48.6872,0.26,92,17,1.66,RU,1730071095
352,paita,-5.0892,-81.1144,18.83,81,34,7.62,PE,1730071096
353,alice springs,-23.7,133.8833,26.75,22,0,5.66,AU,1730071097
354,dwarka,22.2394,68.9678,28.21,73,73,4.53,IN,1730071099
355,palapye,-22.546,27.1251,24.9,19,2,3.57,BW,1730071100
356,grand falls-windsor,48.9332,-55.6649,2.5,84,14,0.45,CA,1730071101
357,slatyne,50.2242,36.1608,6.32,82,49,2.73,UA,1730071102
358,zaozersk,69.4005,32.4476,5.15,89,100,8.16,RU,1730071103
359,toliara,-23.35,43.6667,23.78,60,14,1.94,MG,1730071104
360,bandundu,-3.3167,17.3667,23.91,81,57,0.59,CD,1730071105
361,burela de cabo,43.65,-7.4,12.22,87,61,3.59,ES,1730071106
362,kuroiso,36.9667,140.05,16.81,87,100,1.4,JP,1730071108
363,san jose de guanipa,8.8872,-64.1651,27.86,70,87,4.07,VE,1730071109
364,changzhi,35.2089,111.7386,10.74,87,4,0.88,CN,1730071110
365,kenai,60.5544,-151.2583,2.3,66,0,2.06,US,1730071111
366,smithers,54.7804,-127.1743,5.18,93,100,2.57,CA,1730071112
367,luanco,43.6152,-5.7934,13.71,98,93,3.13,ES,1730071113
368,dhidhdhoo,6.8833,73.1,27.58,78,97,7.66,MV,1730071114
369,darwin,-12.4611,130.8418,31.08,74,40,1.54,AU,1730071115
370,mount gambier,-37.8333,140.7667,13.99,55,78,3.42,AU,1730071117
371,kongoussi,13.3258,-1.5347,28.68,26,5,2.37,BF,1730071118
372,south grafton,-29.7,152.95,24.7,60,100,2.31,AU,1730071119
373,puerto aysen,-45.4,-72.7,9.48,90,62,2.67,CL,1730070973
374,santa cruz cabralia,-16.2781,-39.0247,26.13,83,20,4.12,BR,1730071121
375,elverum,60.8819,11.5623,4.77,76,19,3.76,NO,1730071122
376,shilin,24.8188,103.3324,9.54,88,12,1.11,CN,1730071123
377,bayanaul,50.7889,75.6956,7.06,75,100,6.02,KZ,1730071124
378,belaya kholunitsa,58.84,50.8528,2.14,98,100,1.0,RU,1730071126
379,dalbandin,28.8947,64.4101,20.64,28,16,3.24,PK,1730071127
380,moyynkum,44.2914,72.9469,8.4,76,100,6.69,KZ,1730071128
381,jackson,42.4165,-122.8345,16.67,46,0,5.66,US,1730071129
382,pingliang,35.5392,106.6861,7.5,67,27,1.32,CN,1730071130
383,botshabelo,-29.2702,26.7052,7.38,52,0,2.73,ZA,1730071131
384,angaur state,6.906,134.13,28.1,80,100,7.81,PW,1730071132
385,enshi,30.3,109.4833,11.22,86,3,0.55,CN,1730071133
386,rawson,-43.3002,-65.1023,16.16,25,0,4.63,AR,1730071135
387,tadine,-21.55,167.8833,23.7,66,93,5.14,NC,1730071136
388,kirkland lake,48.1446,-80.0377,-2.84,68,19,0.0,CA,1730071033
389,vizinga,61.0749,50.1031,2.56,93,98,1.13,RU,1730071138
390,koksan,38.7819,126.6664,10.83,91,10,1.87,KP,1730071139
391,guarapari,-20.6667,-40.4975,21.31,91,100,7.17,BR,1730071140
392,sarangani,5.4033,125.4636,28.47,81,94,9.56,PH,1730071141
393,tomatlan,19.9333,-105.25,29.92,64,0,2.03,MX,1730071143
394,krasnyy yar,46.5331,48.3456,5.01,67,19,3.52,RU,1730071144
395,sassandra,4.95,-6.0833,24.48,94,22,2.92,CI,1730071145
396,klaksvik,62.2266,-6.589,5.28,71,95,3.02,FO,1730071146
397,kuala belait,4.5833,114.1833,25.31,91,32,2.23,BN,1730071147
398,argo,37.6333,22.7333,15.22,48,0,1.7,GR,1730071149
399,merlo,-32.3429,-65.014,19.69,48,0,2.83,AR,1730071150
400,vilyuchinsk,52.9306,158.4028,2.15,70,38,2.98,RU,1730071151
401,plettenberg bay,-34.0527,23.3716,14.62,87,100,6.71,ZA,1730071152
402,kamalasai,16.3384,103.5756,23.88,82,100,3.31,TH,1730071153
403,cururupu,-1.8283,-44.8683,21.83,94,61,0.59,BR,1730071154
404,balabac,7.9868,117.0645,27.15,84,75,1.91,PH,1730071155
405,enewetak,11.3474,162.3373,28.47,78,64,2.85,MH,1730071157
406,dunay,42.8803,132.3375,4.42,72,5,7.56,RU,1730071158
407,sennoy,52.1509,46.9631,4.92,82,100,1.1,RU,1730071159
408,chegdomyn,51.1167,133.0167,-4.52,76,98,0.28,RU,1730071160
409,okhotsk,59.3833,143.3,-8.75,68,100,5.82,RU,1730071161
410,maceio,-9.6658,-35.7353,24.69,88,40,3.6,BR,1730071103
411,caleta de carquin,-11.0925,-77.6267,18.79,78,21,5.51,PE,1730071163
412,bubaque,11.2833,-15.8333,27.88,77,84,5.18,GW,1730071164
413,pacific grove,36.6177,-121.9166,20.21,87,40,4.12,US,1730071166
414,santiago papasquiaro,25.046,-105.4208,24.83,26,0,2.95,MX,1730071167
415,sola,-13.8833,167.55,29.37,74,75,0.0,VU,1730071168
416,amga,60.8953,131.9608,-23.07,100,100,0.34,RU,1730071169
417,san lawrenz,36.0553,14.204,21.03,75,76,7.46,MT,1730071171
418,kuta,-8.7233,115.1723,27.97,83,20,0.51,ID,1730071172
419,uribia,11.7139,-72.266,30.18,60,23,8.35,CO,1730071174
420,taupo,-38.6833,176.0833,11.74,70,96,6.57,NZ,1730071175
421,taksimo,56.3444,114.8794,-6.06,91,86,1.0,RU,1730071176
422,santiago de cao,-7.9589,-79.2392,18.07,82,80,4.12,PE,1730071177
423,ad-damazin,11.7891,34.3592,24.55,72,98,2.4,SD,1730071178
424,smara,26.7384,-11.6719,17.77,76,0,5.02,EH,1730071179
425,anori,-3.7728,-61.6442,29.8,54,100,1.76,BR,1730071180
426,gusinoozyorsk,51.2833,106.5,2.71,75,100,1.52,RU,1730071182
427,leua,48.2156,18.6071,11.97,79,18,1.7,SK,1730071183
428,mata-utu,-13.2816,-176.1745,27.32,79,96,7.53,WF,1730071184
429,suva,-18.1416,178.4415,28.71,70,75,3.6,FJ,1730070922
430,guadalupe y calvo,26.1,-106.9667,21.32,25,0,2.86,MX,1730071186
431,popondetta,-8.7537,148.2534,30.4,57,95,0.98,PG,1730071187
432,sandnessjoen,66.0217,12.6316,7.06,76,75,7.72,NO,1730071188
433,nuku'alofa,-21.1333,-175.2,28.19,78,75,3.09,TO,1730071189
434,lorengau,-2.0226,147.2712,28.68,81,19,5.53,PG,1730071191
435,marsa alam,25.0757,34.8918,23.77,44,0,3.8,EG,1730071192
436,klyuchi,52.2667,79.1667,5.82,69,100,3.91,RU,1730071193
437,sungailiat,-1.85,106.1333,26.82,83,8,2.9,ID,1730071194
438,muynoq,43.7683,59.0214,7.54,56,39,6.27,UZ,1730071195
439,central point,42.376,-122.9164,16.82,47,0,5.66,US,1730071147
440,opuwo,-18.0607,13.84,17.13,31,0,2.48,NA,1730071197
441,ujae,8.9322,165.7642,28.6,72,97,1.85,MH,1730071198
442,taroa,8.7058,171.2275,28.67,73,18,3.25,MH,1730071200
443,whakatane,-37.9585,176.9854,16.95,76,37,4.02,NZ,1730071201
444,sept-iles,50.2001,-66.3821,1.7,70,20,5.14,CA,1730070981
445,punta arenas,-53.15,-70.9167,7.06,76,75,13.89,CL,1730071081
446,howrah,22.5892,88.3103,27.0,89,20,0.0,IN,1730071204
447,constantia,44.1833,28.65,9.38,85,5,5.03,RO,1730071205
448,rio gallegos,-51.6226,-69.2181,9.88,53,97,13.63,AR,1730070978
449,cascais,38.6979,-9.4215,14.73,79,42,0.45,PT,1730071208
450,cromwell,41.5951,-72.6454,8.37,50,0,0.0,US,1730071209
451,kalix,65.853,23.1565,7.59,98,100,7.09,SE,1730071210
452,saimbeyli,37.9863,36.0906,2.21,37,0,4.34,TR,1730071211
453,cova figueira,14.8905,-24.2934,20.23,78,96,7.4,CV,1730071212
454,pariaman,-0.619,100.12,24.03,79,38,1.84,ID,1730071213
455,kardla,58.9978,22.7492,10.99,87,100,6.91,EE,1730071214
456,san blas,21.5167,-105.2667,28.74,64,0,2.96,MX,1730071215
457,port saint john's,-31.6229,29.5448,17.67,83,21,2.85,ZA,1730071217
458,kampong thom,12.7111,104.8887,22.17,97,100,3.44,KH,1730071219
459,rongelap,11.1635,166.8941,28.56,77,79,3.22,MH,1730071220
460,yoloten,37.2989,62.3597,12.61,52,68,4.38,TM,1730071221
461,ipameri,-17.7219,-48.1597,22.9,86,99,1.4,BR,1730071222
462,iskateley,67.6803,53.1512,-0.17,91,81,4.85,RU,1730071223
463,ghat,24.9647,10.1728,25.7,20,100,2.47,LY,1730071225
464,kuusamo,65.9667,29.1833,6.02,93,100,8.23,FI,1730071226
465,wuchang,44.9143,127.15,0.82,83,7,4.41,CN,1730071227
466,quelimane,-17.8786,36.8883,25.97,89,0,5.66,MZ,1730071228
467,merizo village,13.2658,144.6691,27.31,93,97,4.8,GU,1730071229
468,oriximina,-1.7656,-55.8661,30.28,40,100,1.57,BR,1730071230
469,alghero,40.5589,8.3181,16.05,100,20,1.54,IT,1730071232
470,letterkenny,54.95,-7.7333,12.97,96,100,5.17,IE,1730071233
471,trnava,48.3774,17.5872,12.09,87,9,2.66,SK,1730071234
472,greymouth,-42.4667,171.2,14.03,58,100,3.8,NZ,1730070990
473,mangrol,21.1167,70.1167,27.45,72,85,4.23,IN,1730071236
474,multai,21.7667,78.25,18.11,69,93,2.39,IN,1730071237
475,ginir,7.1333,40.7,14.7,90,100,1.58,ET,1730071238
476,santa ana de yacuma,-13.75,-65.4333,24.97,88,75,0.0,BO,1730071239
477,trancas,-26.2314,-65.2803,22.32,37,0,2.24,AR,1730071241
478,xining,36.6167,101.7667,4.23,56,55,0.26,CN,1730071242
479,ma'rib,15.4591,45.3253,23.96,38,3,1.52,YE,1730071243
480,padangsidempuan,1.3667,99.2667,20.88,100,73,1.14,ID,1730071244
481,sampit,-2.5333,112.95,24.29,96,92,0.37,ID,1730071021
482,vernon,50.2581,-119.2691,14.31,47,61,1.54,CA,1730071246
483,arlington heights,42.0884,-87.9806,12.66,44,0,1.54,US,1730071247
484,gizo,-8.103,156.8419,29.07,72,84,2.49,SB,1730071249
485,tongchuanshi,35.0806,109.0897,11.29,59,1,0.79,CN,1730071250
486,emerald,-23.5333,148.1667,22.41,73,99,4.75,AU,1730071251
487,santa maria del oro,25.9333,-105.3667,25.16,20,0,2.74,MX,1730071252
488,novodvinsk,64.4165,40.8122,1.86,95,46,3.14,RU,1730071253
489,menaka,15.9182,2.4022,30.42,15,1,4.26,ML,1730071254
490,masjed soleyman,31.9364,49.3039,19.44,14,0,0.19,IR,1730071255
491,narasannapeta,18.4167,84.05,24.1,90,47,2.13,IN,1730071257
492,mount pearl,47.5166,-52.7813,5.08,85,20,6.17,CA,1730071258
493,puerto armuelles,8.2833,-82.8667,27.83,75,86,0.45,PA,1730071259
494,wanxian,30.8039,108.3897,16.34,83,1,0.5,CN,1730071260
495,crane,31.3974,-102.3501,30.96,17,0,7.99,US,1730071261
496,freisen,49.55,7.25,8.04,93,8,1.0,DE,1730071262
497,gebeit,21.0667,36.3167,23.25,63,0,3.3,SD,1730071263
498,cidreira,-30.1811,-50.2056,18.69,62,0,6.29,BR,1730071264
499,betio village,1.358,172.9211,27.51,71,100,4.82,KI,1730071266
500,progreso,21.2833,-89.6667,26.47,77,100,5.16,MX,1730071267
501,banda aceh,5.5577,95.3222,26.5,80,94,6.16,ID,1730071063
502,chernyshevskiy,63.0128,112.4714,-10.86,98,98,1.25,RU,1730071269
503,"laikit, laikit ii (dimembe)",1.4792,124.9735,25.47,83,20,1.03,ID,1730071270
504,kastamonu,41.5,33.6667,5.69,65,0,0.74,TR,1730071271
505,alakurtti,66.9672,30.3491,5.9,94,100,4.11,RU,1730071272
506,itaituba,-4.2761,-55.9836,30.05,32,79,1.41,BR,1730071273
507,santana do livramento,-30.8908,-55.5328,14.9,79,30,1.75,BR,1730071104
508,selebi-phikwe,-21.979,27.8498,23.48,40,5,2.75,BW,1730071276
509,viana do castelo,41.6932,-8.8329,12.99,78,0,2.66,PT,1730071084
510,anshun,26.25,105.9333,9.22,85,0,1.99,CN,1730071279
511,gillette,44.2911,-105.5022,19.51,23,0,7.2,US,1730071280
512,the pas,53.8251,-101.2541,4.01,70,75,8.23,CA,1730071282
513,mikhaylovsk,45.1283,42.0256,4.12,75,0,0.0,RU,1730071283
514,luwuk,-0.9516,122.7875,25.86,65,22,1.79,ID,1730071285
515,biltine,14.5333,20.9167,25.99,17,100,4.07,TD,1730071287
516,mar del plata,-38.0023,-57.5575,22.19,50,0,2.57,AR,1730071185
517,dawson creek,55.7666,-120.2362,0.8,93,100,2.06,CA,1730071289
518,galliano,29.4422,-90.2992,25.0,65,0,1.54,US,1730071290
519,valle de la pascua,9.2155,-66.0073,27.08,70,100,2.35,VE,1730071291
520,nova vicosa,-17.8919,-39.3719,25.3,78,77,3.03,BR,1730071292
521,apartado,7.883,-76.6259,24.92,100,75,4.12,CO,1730071293
522,weno,7.4515,151.8468,29.97,79,75,1.54,FM,1730071295
523,wanning,18.8003,110.3967,24.69,92,100,3.54,CN,1730071296
524,say,13.1007,2.3689,27.9,19,9,3.6,NE,1730071297
525,wenchang,30.904,118.4887,14.66,88,100,1.14,CN,1730071298
526,perevolotskiy,51.8763,54.1938,0.58,92,69,1.72,RU,1730071299
527,tofol,5.3248,163.0078,30.88,70,75,3.09,FM,1730071300
528,bilao,11.488,122.5599,27.29,80,86,2.14,PH,1730071301
529,mizdah,31.4451,12.9801,18.59,51,47,5.7,LY,1730071303
530,hami,42.8,93.45,10.18,41,0,4.23,CN,1730071304
531,suncheon,34.9481,127.4895,13.66,87,31,1.81,KR,1730071305
532,inari,68.906,27.0288,6.72,90,100,6.66,FI,1730071306
533,medicine hat,50.0501,-110.6683,19.01,31,52,4.47,CA,1730070617
534,shinas,24.7433,56.4658,28.2,67,1,5.61,OM,1730071308
535,laojunmiao,39.8333,97.7333,4.76,36,2,1.99,CN,1730071309
536,kousa,25.9141,32.7636,19.05,23,0,1.13,EG,1730071310
537,olinda,-8.0089,-34.8553,26.85,83,75,4.63,BR,1730071312
538,xinyuan,37.3,99.0,-6.18,47,5,2.43,CN,1730071313
539,borogontsy,62.6683,131.1683,-25.11,100,87,0.49,RU,1730071314
540,washim,20.1,77.15,19.82,65,87,1.57,IN,1730071315
541,ouadda,8.0777,22.4007,20.44,73,94,1.33,CF,1730071316
542,grand gaube,-20.0064,57.6608,23.54,92,80,3.13,MU,1730071317
543,el nido,11.1858,119.3956,26.75,97,91,5.03,PH,1730071319
544,severo-yeniseyskiy,60.3725,93.0408,-5.79,100,94,0.71,RU,1730071321
545,silsbee,30.3491,-94.178,27.23,68,7,3.1,US,1730071322
546,harstad,68.799,16.5293,5.64,94,93,12.07,NO,1730071323
547,topeka,39.0483,-95.678,22.51,44,0,4.12,US,1730071063
548,yuzhno-kurilsk,44.0306,145.8556,12.03,93,100,5.24,RU,1730071325
549,ingeniero guillermo n. juarez,-23.9,-61.85,26.35,25,0,2.25,AR,1730071327
550,awjilah,29.1081,21.2869,19.49,49,0,3.05,LY,1730071328
551,bahia de kino,28.8333,-111.9333,31.19,33,13,3.05,MX,1730071329
552,agbabu,6.5886,4.8343,24.55,96,68,0.53,NG,1730071330
553,mangalia,43.8,28.5833,12.62,85,4,3.95,RO,1730071331
554,sevastopol,44.6,33.5333,11.67,56,11,0.89,UA,1730071332
555,kayangel,8.0823,134.7173,28.97,73,97,7.17,PW,1730071333
556,rengasdengklok,-6.1592,107.2981,27.73,73,34,1.0,ID,1730071334
557,masterton,-40.9597,175.6575,10.78,89,43,2.76,NZ,1730071336
558,saidpur,25.7777,88.8917,23.19,89,0,1.64,BD,1730071337
559,nadym,65.5333,72.5167,-3.34,97,96,2.77,RU,1730071338
560,labrador city,52.9463,-66.9114,-2.68,79,100,31.74,CA,1730071339
561,karatau,43.1667,70.4667,5.8,86,99,6.97,KZ,1730071341
562,luderitz,-26.6481,15.1594,13.63,67,48,4.97,NA,1730071343
563,undurkhaan,47.3194,110.6556,2.16,63,100,2.07,MN,1730071344
564,tacuarembo,-31.7333,-55.9833,15.2,79,66,1.21,UY,1730071106
565,galle,6.0367,80.217,27.74,83,52,0.45,LK,1730071346
566,ormara,25.2088,64.6357,29.02,59,3,5.7,PK,1730071349
567,abra pampa,-22.7205,-65.697,14.33,50,42,6.9,AR,1730071351
568,hirara,24.8,125.2833,27.92,83,40,7.72,JP,1730071352
569,gornopravdinsk,60.05,69.9,0.3,94,100,0.69,RU,1730071353
570,porangatu,-13.4408,-49.1486,27.92,64,100,1.67,BR,1730071354
571,mae chai,19.346,99.814,21.67,95,53,1.62,TH,1730071355
572,cill airne,52.05,-9.5167,13.52,99,100,2.61,IE,1730071356
573,tezu,27.9167,96.1667,20.53,65,1,1.48,IN,1730071153
574,colares,38.7992,-9.4469,14.63,80,40,5.35,PT,1730071359
575,itacare,-14.2775,-38.9967,25.33,85,48,3.99,BR,1730071360
576,portage la prairie,49.9728,-98.2926,9.38,48,100,4.41,CA,1730071361
577,sao joao da barra,-21.6403,-41.0511,22.05,75,100,7.28,BR,1730071218
578,koszalin,54.1944,16.1722,11.48,79,54,4.79,PL,1730071363
579,kyren,51.6828,102.1408,1.04,81,100,0.25,RU,1730071364
580,geraldton,-28.7667,114.6,23.23,25,0,8.23,AU,1730071183
581,iranshahr,27.2025,60.6848,23.2,26,0,2.02,IR,1730071367
582,karratha,-20.7377,116.8463,30.44,26,0,2.47,AU,1730071368
